"sp","occ_avg","occ_lo","occ_me","occ_hi","occ_confi"
"ACFL",0.0846743012949649,0.0613311542787294,0.08437539113864,0.106459313065238,0.1
"AMCR",0.0260008338314908,0.0186671067237523,0.025683414049245,0.034621518670832,0.1
"AMGO",0.000916824196597354,0,0.000945179584120983,0.00283553875236295,0.1
"AMKE",0.0144936422535666,0.00635580760344465,0.0141255069232385,0.0237130935647004,0.1
"AMRE",0.00906086956521739,0.00256521739130435,0.00869565217391304,0.0165652173913043,0.1
"BACS",0.033415006543551,0.0218972662498182,0.0325359895303185,0.0460675076341428,0.1
"BADO",0.167283437489728,0.135852246844009,0.168353868733733,0.19106632292629,0.1
"BAEA",0.0122758485732584,0.00527629331815271,0.0122625062264285,0.0207264818899879,0.1
"BARS",0.00144347826086957,0,0.00173913043478261,0.00439130434782607,0.1
"BBWD",0.0298145500836648,0.0192299427112101,0.0290585527125768,0.0423982222579737,0.1
"BCNH",0.00217221656730163,0,0.00206000678590471,0.00540448839125588,0.1
"BEKI",0.0186463620395567,0.00803599645471101,0.0187984563220858,0.0277096394468795,0.1
"BGGN",0.110792448532065,0.0909677462391594,0.110397889524739,0.128134980795555,0.1
"BHCO",0.0350674203867966,0.022456760053641,0.0349489441455415,0.0480491897306642,0.1
"BHNU",0.064069812471379,0.0466454825993664,0.0643074506677291,0.0803819242083983,0.1
"BLGR",0.409573290230014,0.372891176876093,0.410511405148523,0.439212058644887,0.1
"BLJA",0.0376350962935003,0.0265168258810418,0.0370908321189864,0.051520139767636,0.1
"BLVU",0.0247385380880531,0.0143518521665457,0.0249032409235807,0.037710415273501,0.1
"BNST",0.000995169082125604,0,0.000966183574879227,0.00289855072463768,0.1
"BRTH",0.0553042614700721,0.0375518720242607,0.0559094953900488,0.073348379780538,0.1
"BTGR",0.00181293488315972,0,0.0018702489643245,0.00515122873345935,0.1
"CACH",0.122307886749936,0.101526755684771,0.122477010186933,0.142149058464739,0.1
"CAEG",0.00222965440356745,0,0.00222965440356745,0.00557413600891862,0.1
"CARW",0.102321003566387,0.0836176892192676,0.102035950050782,0.122526704323779,0.1
"CEDW",0.000961538461538462,0,0.000836120401337793,0.00250836120401338,0.1
"CGDO",0.00470596432552954,0.000836120401337793,0.00445930880713489,0.0102598940914158,0.1
"CHSW",0.00239130434782609,0,0.00241545893719807,0.00546497584541062,0.1
"COGA",0.00284839319470699,0.00041304347826087,0.00275992438563327,0.0056351606805293,0.1
"COGR",0.0232656528201897,0.0131237276428675,0.0227799993537234,0.0354381735414344,0.1
"CONI",0.00173913043478261,0,0.00173913043478261,0.00521739130434783,0.1
"COYE",0.169522116912524,0.146424841894264,0.170257072739074,0.188885644197111,0.1
"CWWI",0.00956521739130435,0.00334448160535117,0.0100334448160535,0.0167224080267559,0.1
"DOWO",0.0680612748118627,0.0538902114178092,0.0672669452421424,0.0847279485212919,0.1
"EABL",0.178312160574012,0.152786831973525,0.179438833353787,0.204834797817805,0.1
"EAKI",0.0749308153958417,0.0560871476975879,0.0759279975142904,0.0929551407463818,0.1
"EAME",0.00557486454341218,0.00043940795559667,0.00558345447337122,0.0102418395665389,0.1
"EAPH",0.00309523809523809,0,0.0031055900621118,0.0062111801242236,0.1
"EATO",0.113432264553342,0.0898079992890957,0.113116588305624,0.1338063977348,0.1
"EAWP",0.203616515500014,0.179369835726348,0.203546935522524,0.228561904089363,0.1
"FICR",0.00559286510590858,0,0.00508361204013378,0.014376254180602,0.1
"FISP",0.134405328550886,0.113857634200498,0.135587869387491,0.150426771952056,0.1
"GBHE",0.0723019772602948,0.0568445205550593,0.072884246083679,0.087571301912748,0.1
"GCFL",0.301406421838215,0.273042325345275,0.300510024918449,0.333138311768541,0.1
"GRCA",0.00179347826086957,0,0.00181159420289855,0.00638586956521738,0.1
"GREG",0.02282293702647,0.0137271200758913,0.0229687007905507,0.0317097345378911,0.1
"GRHE",0.0845016716514927,0.064911578066854,0.0845657392989774,0.105546165539046,0.1
"HOFI",0.00112858464384829,0,0.000925069380203515,0.00277520814061055,0.1
"HOWA",0.129773642761355,0.106960390743472,0.129341801865431,0.152467846006126,0.1
"HOWR",0.00635066970416687,0.00285654274312119,0.00603137673080962,0.0112605221915241,0.1
"INBU",0.146968116734719,0.12666331332763,0.146857977370912,0.16745698013341,0.1
"KEWA",0.0452388396102952,0.033084011923804,0.0447687945324996,0.0565826305074887,0.1
"KILL",0.000878815911193339,0,0.000925069380203515,0.00277520814061055,0.1
"LAGU",0.0798677756679972,0.0598696806395981,0.0793454112452708,0.0998076054932688,0.1
"LBHE",0.0104367892976589,0.00347826086956522,0.0103678929765886,0.0193127090301003,0.1
"LESA",0.000999074930619796,0,0.000925069380203515,0.00277520814061055,0.1
"LOSH",0.00308587727412889,0,0.00296496596219075,0.00677998766574159,0.1
"LOWA",0.00128935532233883,0,0.00149925037481259,0.00449775112443778,0.1
"MALL",0.00204958557510542,0,0.00189035916824197,0.00540448839125588,0.1
"MIKI",0.166602321135976,0.143118766514577,0.166799447266333,0.192779095153411,0.1
"MODO",0.0416828130806392,0.0271231419546637,0.0418242023676806,0.0560915618198227,0.1
"NOBO",0.504578331284914,0.479801526423366,0.504405241976505,0.529019233010048,0.1
"NOCA",0.00161625708884688,0,0.00141776937618147,0.00427693761814744,0.1
"NOFL",0.0161605749323141,0.0075127607899347,0.016213436322132,0.0246404085045389,0.1
"NOMO",0.0312820424374903,0.0201185690624918,0.0308627090865759,0.045329422303822,0.1
"NOPA",0.0690376873993327,0.0552127087236761,0.0686599147471972,0.0859681633542203,0.1
"NRWS",0.00417277449654878,0,0.00426955098555469,0.0100334448160535,0.1
"OROR",0.160886187543391,0.137924877553658,0.160572072441718,0.185337803028729,0.1
"OSPR",0.00433323845442254,0.000836120401337793,0.0036558030313812,0.00919821390450437,0.1
"PABU",0.48956787374654,0.460448564240835,0.490326378118846,0.518023361222946,0.1
"PIWA",0.13900119013086,0.119055487768394,0.139043561826044,0.16011704974573,0.1
"PIWO",0.108229111120537,0.0901868136186352,0.106719930765625,0.130864885341746,0.1
"PRAW",0.079792056240841,0.0593970584443778,0.0791076491366702,0.0978126057433615,0.1
"PROW",0.0244616467128754,0.0150266225582861,0.0238804872925856,0.0344725251643966,0.1
"PUMA",0.0109744265755829,0.00399375578168363,0.0111780995754169,0.0188370128560924,0.1
"RBWO",0.211280998590647,0.189149100719368,0.211488349231977,0.239430406564905,0.1
"REVI",0.0393597908881202,0.0274395882366191,0.0380783696382419,0.0513503138341643,0.1
"RHWO",0.207440455655986,0.183341811334187,0.207474025899054,0.234302921351476,0.1
"ROYT",0.00313174864926464,0,0.00283643253920373,0.00713526793495019,0.1
"RSHA",0.0470799378837789,0.030669642083991,0.0466129245915717,0.0685055600243204,0.1
"RTHA",0.0258096993060433,0.0162312018579766,0.025251730030015,0.0369676209142585,0.1
"RTHU",0.00224080267558528,0,0.00222965440356745,0.00445930880713489,0.1
"RWBL",0.00356521739130435,0,0.00347826086956522,0.00786956521739129,0.1
"SCTA",0.137058985278821,0.121267350577777,0.137308358084057,0.15425805199407,0.1
"STKI",0.00172173913043478,0,0.00173913043478261,0.00521739130434783,0.1
"SUTA",0.313760176789225,0.288618132754637,0.313965892062863,0.34564298573754,0.1
"TRES",0.000930434782608696,0,0.000869565217391304,0.00260869565217391,0.1
"TRHE",0.00455160680529301,0,0.0044234404536862,0.00964083175803403,0.1
"TUTI",0.0856429437046225,0.0693012913166155,0.0859712197495977,0.101269104315877,0.1
"WBNU",0.0400530350128226,0.0250790317754481,0.0408446919153592,0.0531427340507299,0.1
"WEVI",0.151776856332146,0.132760339311949,0.151853050620732,0.169464733770239,0.1
"WEWA",0.037237217455932,0.0242504725897921,0.0369167757258494,0.0518902258736852,0.1
"WHIB",0.0152300721115792,0.00909677005739844,0.0149233720454632,0.0226418269603851,0.1
"WITU",0.0133779264214047,0.00668896321070234,0.0133779264214047,0.0206521739130435,0.1
"WODU",0.00274782608695652,0,0.00268115942028985,0.00676086956521738,0.1
"WOTH",0.00261270903010033,0,0.0025752508361204,0.00605351170568562,0.1
"YBCH",0.198437519622182,0.172389119800192,0.199932249484194,0.223904491847314,0.1
"YBCU",0.149585851520012,0.12549734984793,0.149602363175794,0.172557217350076,0.1
"YCNH",0.00821421340611745,0.0030872832814362,0.00776188828662592,0.0145427222286293,0.1
"YTVI",0.108209138587903,0.0854148021317233,0.107814898050902,0.133458962246283,0.1
"YTWA",0.141604237573043,0.12077150522326,0.142320688079276,0.160135238818718,0.1
"ACFL",0.0626427126968077,0.0448384611680871,0.0622971736723001,0.0819220051519091,0.2
"AMCR",0.0131830258240064,0.00654816968415488,0.0130991857356335,0.0206903702988347,0.2
"AMGO",0.000970677451971689,0,0.00101112234580384,0.00303336703741153,0.2
"AMKE",0.0135326450487131,0.00514715719063545,0.0139217682128835,0.0206194561582085,0.2
"AMRE",0.00597826086956522,0.00181159420289855,0.00543478260869565,0.011820652173913,0.2
"BACS",0.023417253823681,0.0124119264478433,0.0233717133528098,0.0381551813026293,0.2
"BADO",0.0595213279841352,0.0412367454930073,0.0586765522599644,0.0789989565609249,0.2
"BAEA",0.00673686200378072,0.000945179584120983,0.00623818525519849,0.0140642722117202,0.2
"BARS",0.00177391304347826,0,0.00173913043478261,0.00521739130434783,0.2
"BBWD",0.00824776783751703,0.00369543236470743,0.00801028707082253,0.0149450215962544,0.2
"BEKI",0.0101225383305643,0.00308319397993311,0.00993039070222033,0.0184712455943552,0.2
"BGGN",0.0671895667031206,0.0497267409006218,0.0671209054029918,0.0841997979549149,0.2
"BHCO",0.0151036400404449,0.00686177763086256,0.0152640584895388,0.0230389249695367,0.2
"BHNU",0.0406407490518011,0.0246278488776016,0.039734956260652,0.0591762772806976,0.2
"BLGR",0.295316035568558,0.266561374711647,0.295437615232461,0.324722755746147,0.2
"BLJA",0.0148545773697002,0.00714634530560807,0.0141250337564137,0.0226792015482942,0.2
"BLVU",0.00769596498617347,0.00315472378377096,0.00753926388403322,0.013292551526346,0.2
"BRTH",0.0200761257331201,0.00815333721099317,0.0198979690756628,0.0305952086665697,0.2
"BTGR",0.00100189035916824,0,0.000945179584120983,0.00283553875236295,0.2
"CACH",0.0820051999226413,0.0622938568022882,0.0818459222510207,0.105899986881101,0.2
"CARW",0.0802931156561965,0.056178545839519,0.079628907209275,0.109227758745427,0.2
"CHSW",0.0024472049689441,0,0.00248447204968944,0.00745341614906832,0.2
"COGR",0.00655230566534914,0.000458937198067633,0.00578831796223101,0.0163021519543259,0.2
"CONI",0.00170434782608696,0,0.00173913043478261,0.00695652173913044,0.2
"COYE",0.109842939190826,0.0892418552665443,0.110892531903447,0.134083390879232,0.2
"CWWI",0.00230769230769231,0,0.00334448160535117,0.00668896321070234,0.2
"DOWO",0.0549218035534962,0.0400567838418859,0.0531079063352357,0.0709064634955369,0.2
"EABL",0.108944385402334,0.0859854131179155,0.107882722410384,0.134027036617624,0.2
"EAKI",0.0540013187137307,0.040225445091114,0.052709245566805,0.0727068229502066,0.2
"EAME",0.0015527950310559,0,0.0015527950310559,0.0046583850931677,0.2
"EATO",0.0553728508936295,0.0394764210343078,0.054578933873676,0.0738352182974592,0.2
"EAWP",0.164030210412814,0.138453122129276,0.163950609616534,0.187001733489979,0.2
"FICR",0.00104532839962997,0,0.000925069380203515,0.00326086956521738,0.2
"FISP",0.0454688893969061,0.0313549174876569,0.0438067994556388,0.0695544684539048,0.2
"GBHE",0.0260900849970157,0.0174981070017851,0.0262997236612322,0.0355227776477013,0.2
"GCFL",0.231892067559673,0.201482069351745,0.231157605650001,0.265473391781733,0.2
"GRCA",0.00210144927536232,0,0.00181159420289855,0.00543478260869565,0.2
"GREG",0.00984902032402409,0.00384304825609173,0.0102303354986056,0.0164498815353267,0.2
"GRHE",0.0214665025364639,0.0121709866220736,0.021195652173913,0.031724194741027,0.2
"HOWA",0.0327213432859936,0.0177073255456998,0.0317635273778941,0.0471800163184851,0.2
"HOWR",0.00193761814744802,0,0.00189035916824197,0.00472589792060491,0.2
"INBU",0.097928257442768,0.0756493314458494,0.0980748322224682,0.118530384953426,0.2
"KEWA",0.0119807765013814,0.00324858223062382,0.0116998691289807,0.0208510251563182,0.2
"KILL",0.000907372400756144,0,0.000945179584120983,0.00283553875236295,0.2
"LAGU",0.0685471006944503,0.0507626361035083,0.0684296610045247,0.0851939663650969,0.2
"LBHE",0.00471014492753623,0.00181159420289855,0.00543478260869565,0.0100090579710145,0.2
"LOSH",0.00172136105860113,0,0.00177693761814745,0.00411814744801512,0.2
"MIKI",0.0773846742543345,0.0604301064077175,0.0775064598690242,0.0982295347677898,0.2
"MODO",0.0230122000583957,0.0131623334395074,0.0228484166799384,0.03372472394755,0.2
"NOBO",0.311624443744873,0.290730874434324,0.311181104735558,0.344397383323003,0.2
"NOCA",0.000916824196597354,0,0.000945179584120983,0.00283553875236295,0.2
"NOFL",0.00925972222222222,0.00364251207729469,0.00884057971014493,0.0174910929951691,0.2
"NOMO",0.0186497616854895,0.0095834770144789,0.0181950301326483,0.0285795774274035,0.2
"NOPA",0.0452908826882946,0.0370983828701328,0.044419098943495,0.0548018101599868,0.2
"NRWS",0.000935727788279773,0,0.000945179584120983,0.00283553875236295,0.2
"OROR",0.0898555310893685,0.0731482711522882,0.0891273765092291,0.107144883393229,0.2
"OSPR",0.00186086956521739,0,0.00173913043478261,0.00434782608695652,0.2
"PABU",0.315047687594152,0.291441550444788,0.314728303378325,0.340682871095841,0.2
"PIWA",0.0846551226958934,0.0665130391924439,0.0857963845789228,0.100738519943344,0.2
"PIWO",0.0562254843432575,0.0434254965687134,0.055194749738434,0.0701340022222238,0.2
"PRAW",0.0025752508361204,0,0.00334448160535117,0.00844481605351168,0.2
"PROW",0.00103969754253308,0,0.000945179584120983,0.00333175803402646,0.2
"PUMA",0.00771402016383113,0.00226748582230624,0.00793793320730939,0.0134940138626339,0.2
"RBWO",0.152049331802647,0.130055322859999,0.150784882198403,0.173845321015927,0.2
"REVI",0.0141870073918696,0.00827726105169285,0.0140319916598107,0.0211064567384082,0.2
"RHWO",0.124145789904255,0.101645383875494,0.123300773679323,0.146071160719289,0.2
"ROYT",0.00197269481201428,0,0.00191136315900021,0.0047679059021214,0.2
"RSHA",0.0409302709341698,0.0241440699934911,0.0408613511567198,0.059020568475318,0.2
"RTHA",0.00989820415879017,0.00415091367359798,0.00910680529300567,0.0171550882167612,0.2
"SCTA",0.068596342535851,0.0545804069119287,0.0676990200253433,0.0856207986248156,0.2
"SUTA",0.237207432632344,0.203541963718372,0.239008061127704,0.273483879311857,0.2
"TRHE",0.00141304347826087,0,0.00181159420289855,0.0036231884057971,0.2
"TUTI",0.0600249039160016,0.0386714655927739,0.0599984975678474,0.0798999415613474,0.2
"WBNU",0.0332201017896756,0.0214748372638837,0.0326741795957599,0.04952225805933,0.2
"WEVI",0.135731354060134,0.121397273858598,0.135538962107631,0.149888983448447,0.2
"WEWA",0.0134591060550277,0.00241965973534972,0.011878711455995,0.0272056526910326,0.2
"WHIB",0.00312644214565347,0.000480283114256825,0.00313707189339141,0.00648155349874258,0.2
"WITU",0.00989966555183946,0.00557413600891862,0.0100334448160535,0.0156075808249721,0.2
"WODU",0.000804810360777058,0,0.000925069380203515,0.00233580018501387,0.2
"YBCH",0.0838923533932986,0.0645214630202816,0.083669464986809,0.105929318469548,0.2
"YBCU",0.0573305175290998,0.040854953564336,0.0572182627649335,0.0732221299890678,0.2
"YCNH",0.00388509316770186,0.000966183574879227,0.00348516218081435,0.00841528640441683,0.2
"YTVI",0.0571401955217645,0.0414258751710902,0.0559679767040353,0.0801210476865604,0.2
"YTWA",0.0881718983077353,0.0736893621069785,0.088211640442577,0.104717738015745,0.2
"ACFL",0.0503010418753757,0.0315840503647306,0.0498244061532982,0.0744689283302537,0.3
"AMCR",0.00874888070838722,0.00417868868769277,0.00835737737538553,0.015833001691374,0.3
"AMGO",0.00117149758454106,0,0.00120772946859903,0.0036231884057971,0.3
"AMKE",0.00981771767405038,0.0023492963663096,0.00949380382272632,0.0180749842470069,0.3
"AMRE",0.00175724637681159,0,0.00181159420289855,0.00543478260869565,0.3
"BACS",0.0194009661835749,0.0057487922705314,0.0193236714975845,0.0333574879227053,0.3
"BADO",0.0178819446747514,0.0104396559030426,0.0178601171064608,0.0250901144901742,0.3
"BAEA",0.00377261679719147,0,0.0031055900621118,0.0087766675668377,0.3
"BARS",0.00170132325141777,0,0.00189035916824197,0.0056710775047259,0.3
"BBWD",0.00265446224256293,0,0.0022883295194508,0.00806636155606405,0.3
"BEKI",0.00712978446674099,0.00102355072463768,0.00660535117056856,0.0149015235971758,0.3
"BGGN",0.0489247082769902,0.0355527708918541,0.0495802183184036,0.0611491167525127,0.3
"BHCO",0.00852657004830918,0.00241545893719807,0.00845410628019324,0.0144927536231884,0.3
"BHNU",0.0237365221948561,0.0147657887235417,0.0232393139658941,0.035945414215167,0.3
"BLGR",0.252956125592947,0.217646229560585,0.254252115969815,0.295247395867367,0.3
"BLJA",0.0110800742924566,0.00280731507189131,0.0106120381766545,0.0202980841705546,0.3
"BLVU",0.00718177848528062,0.0011441647597254,0.00722951834532772,0.0136581720263692,0.3
"BRTH",0.0149807328777083,0.00506807110658718,0.0145104973791174,0.0262460877182049,0.3
"BTGR",0.000859213250517598,0,0.0010351966873706,0.0020703933747412,0.3
"CACH",0.0770226103824202,0.0578005477662148,0.0764918786382879,0.100128368437117,0.3
"CARW",0.0613032633010567,0.0367784885815697,0.0614847275725014,0.0806681278733011,0.3
"CHSW",0.0014726507713885,0,0.00140252454417952,0.00420757363253857,0.3
"COGR",0.00671221532091097,0,0.00663615560640732,0.0175166176310341,0.3
"CONI",0.00217391304347826,0,0.0022883295194508,0.0068649885583524,0.3
"COYE",0.0798228272076148,0.0587400149803766,0.0805507525174722,0.10412202460674,0.3
"DOWO",0.0433197080565608,0.0293194931191062,0.0433808231834725,0.0591944943693437,0.3
"EABL",0.0871921151658491,0.066805246828592,0.088268144935392,0.10601061915399,0.3
"EAKI",0.0460340224257994,0.0303843422557978,0.0455779386544982,0.065566026294996,0.3
"EATO",0.0452508282065299,0.0307608377451452,0.0455798813149711,0.0647531297304069,0.3
"EAWP",0.138380374143557,0.113754344676703,0.139319999139918,0.156950228463449,0.3
"FISP",0.0106484847505641,0.00426630098180193,0.0105141130660979,0.0194788452113594,0.3
"GBHE",0.0132357476867973,0.00581195624537083,0.013040898823408,0.0215520290960546,0.3
"GCFL",0.193566376855758,0.16457535604513,0.190725015901867,0.221392340563966,0.3
"GRCA",0.00182971014492754,0,0.00181159420289855,0.00543478260869565,0.3
"GREG",0.00212092083210096,0,0.00209504091491669,0.00496031746031746,0.3
"GRHE",0.0145715159853767,0.00689296401538964,0.0142736948678433,0.0222655562400986,0.3
"HOWA",0.0186960042246083,0.00751794480627433,0.0182210682782765,0.0312135969801874,0.3
"HOWR",0.00211594202898551,0,0.00193236714975845,0.00579710144927536,0.3
"INBU",0.0797979210034869,0.0595145416914928,0.0803363992542042,0.0973454920720651,0.3
"KEWA",0.00176476387656512,0,0.0018140589569161,0.00514295573301784,0.3
"KILL",0.00118012422360248,0,0.0010351966873706,0.0041407867494824,0.3
"LAGU",0.0585491995630329,0.0437825488234815,0.0583162382038803,0.0730055308108309,0.3
"LBHE",0.00565217391304348,0.00181159420289855,0.00543478260869565,0.0108695652173913,0.3
"LOSH",0.00118012422360248,0,0.000887311446317657,0.00354924578527063,0.3
"MIKI",0.0449144812514378,0.0257699275362319,0.0457068092937658,0.0620929664136186,0.3
"MODO",0.00585775047258979,0.000860507246376812,0.00559231253938248,0.0112633900441084,0.3
"NOBO",0.233736654649172,0.205417978906305,0.233164048349638,0.262827000595266,0.3
"NOFL",0.0101467053740211,0.00370195337114052,0.0100954181294446,0.0165857637951211,0.3
"NOMO",0.0130322261229634,0.00499594923035377,0.0131762534881628,0.0234387658655144,0.3
"NOPA",0.0424719336074776,0.0323652713773682,0.042355803939154,0.0512167437101068,0.3
"OROR",0.0735427482595319,0.0579984759604325,0.0729501118948864,0.09309344791994,0.3
"OSPR",0.000949423247559894,0,0.000887311446317657,0.00266193433895297,0.3
"PABU",0.23674922013378,0.21237439427401,0.235983894559978,0.259329953239843,0.3
"PIWA",0.0567473400094901,0.0381743996309671,0.0567037817830549,0.0725980399520326,0.3
"PIWO",0.0429843460844605,0.0314574450572734,0.0428940709261075,0.0551302383839569,0.3
"PRAW",0.00317725752508361,0,0.00334448160535117,0.0100334448160535,0.3
"PUMA",0.00552682509676839,0.0010351966873706,0.00560356467728868,0.0114631154919435,0.3
"RBWO",0.134748595373665,0.113436779452092,0.134832503514014,0.154877653384421,0.3
"REVI",0.00948106591865358,0.00420757363253857,0.00841514726507714,0.0168302945301543,0.3
"RHWO",0.100670105855393,0.0786680634155654,0.101563717002124,0.121984121148721,0.3
"ROYT",0.000910973084886128,0,0.0010351966873706,0.00261387163561076,0.3
"RSHA",0.0292089410449524,0.0151477780778348,0.0287601375030487,0.0485656385290128,0.3
"RTHA",0.00862889699042818,0.00300034506556246,0.00796351306748282,0.0144523021874156,0.3
"SCTA",0.0331485507246377,0.0238496376811594,0.0326086956521739,0.0421557971014493,0.3
"SUTA",0.170847109108579,0.135781485153222,0.172725777869063,0.202722626021938,0.3
"TUTI",0.0427017978922908,0.0305919971169921,0.0422117340720827,0.0602534973513986,0.3
"WBNU",0.0303532216465258,0.018169308443908,0.0299930640667881,0.0447667629217972,0.3
"WEVI",0.122693119823982,0.103986391112468,0.122683767289057,0.137193738411681,0.3
"WEWA",0.0110506785229286,0.00246658270601368,0.00987141934847805,0.0228222228582878,0.3
"WHIB",0.00196023782980305,0,0.00222965440356745,0.00464511334076551,0.3
"WITU",0.0101214574898785,0.00450258170509887,0.0102094701637036,0.0176458076629701,0.3
"WODU",0.000907372400756144,0,0.000945179584120983,0.00283553875236295,0.3
"YBCH",0.0506465466900249,0.034273584602532,0.0499864255585079,0.0676804876833481,0.3
"YBCU",0.0323035466836928,0.0218327126177183,0.0327831856841397,0.0431034676117931,0.3
"YTVI",0.0436226417432268,0.0249236927384624,0.0444005929952602,0.060154560945527,0.3
"YTWA",0.0723751354558986,0.056084401579244,0.0730134887427339,0.0840235461467002,0.3
"ACFL",0.0482849048800662,0.0284393542992772,0.0477996547631891,0.0726532258064516,0.4
"AMCR",0.00758070474566638,0.00120772946859903,0.00714691673770958,0.0167899261153737,0.4
"AMGO",0.0014726507713885,0,0.00140252454417952,0.00420757363253857,0.4
"AMKE",0.010773657764206,0.00193236714975845,0.0102208650412809,0.020936616418658,0.4
"AMRE",0.00177536231884058,0,0.00181159420289855,0.00543478260869565,0.4
"BACS",0.0168164251207729,0.00628019323671498,0.0159420289855072,0.0297222222222222,0.4
"BADO",0.0099880393136765,0.00439176245210728,0.0101024487756122,0.0158352073963018,0.4
"BAEA",0.00108138238573021,0,0.00111482720178372,0.00334448160535117,0.4
"BBWD",0.00271099744245524,0,0.00255754475703325,0.00901534526854218,0.4
"BEKI",0.0056680602006689,0.000458937198067633,0.00485414344109996,0.0143636194723151,0.4
"BGGN",0.0339151396179495,0.024329299370166,0.0332324739201946,0.0459006492411363,0.4
"BHCO",0.00891479663394109,0.00280504908835905,0.00882421692379617,0.0153649485741,0.4
"BHNU",0.0178854691641886,0.00712784525359629,0.0176050956797541,0.0267922125910754,0.4
"BLGR",0.233391613253143,0.204550369978549,0.23195485765766,0.269196127300017,0.4
"BLJA",0.00867131178000743,0.00150315867707172,0.0084726867335563,0.0198188405797101,0.4
"BLVU",0.00652412342215989,0.00120772946859903,0.00640486208508649,0.012032219105501,0.4
"BRTH",0.0156876787358829,0.00724895182007658,0.0154561097377733,0.0264386723862149,0.4
"CACH",0.0656832266662368,0.045858875204664,0.0657461292100021,0.0864216049543466,0.4
"CARW",0.0470225842413781,0.0326360568681747,0.0468449191450594,0.0652294536147972,0.4
"CHSW",0.00178929765886288,0,0.00167224080267559,0.00589464882943142,0.4
"COGR",0.0053804347826087,0,0.00543478260869565,0.0141847826086956,0.4
"CONI",0.00245524296675192,0,0.00255754475703325,0.00901534526854218,0.4
"COYE",0.0656268892899606,0.0475239431238542,0.0669277671807417,0.0821484837209567,0.4
"DOWO",0.0350593859811203,0.0203328348232831,0.035237337906729,0.0499620923615942,0.4
"EABL",0.0713392687714114,0.0543220312920463,0.0719456199993649,0.0908360411488793,0.4
"EAKI",0.0383839537589065,0.0257011576430291,0.0380984117751604,0.0513210520575832,0.4
"EATO",0.0213367060464615,0.0107380532218601,0.0213980625691588,0.0329763275007882,0.4
"EAWP",0.114785582774224,0.0946923844253688,0.114434246825043,0.135946666147384,0.4
"FISP",0.00148667601683029,0,0.00140252454417952,0.00420757363253857,0.4
"GBHE",0.00672712647471331,0.00108695652173913,0.00647058823529412,0.0149285950004125,0.4
"GCFL",0.164979411175274,0.134287889255989,0.165540735457085,0.196663653342108,0.4
"GREG",0.00226492130278947,0,0.00236870811905875,0.00570359981299673,0.4
"GRHE",0.00964613526570048,0.0036231884057971,0.0095364176885916,0.0155386008918618,0.4
"HOWA",0.0122515793385359,0.00263285024154589,0.0113991081382386,0.0262421033073207,0.4
"HOWR",0.00215458937198068,0,0.00193236714975845,0.00579710144927536,0.4
"INBU",0.0710473010393066,0.052933338128289,0.0715963006916724,0.0892060362498651,0.4
"KEWA",0.00185507246376812,0,0.00193236714975845,0.00437198067632849,0.4
"KILL",0.00123745819397993,0,0.00111482720178372,0.00392976588628762,0.4
"LAGU",0.0567851422303736,0.0416537577468503,0.0565734946835929,0.0708988983589264,0.4
"LBHE",0.00389492753623188,0,0.0036231884057971,0.00905797101449275,0.4
"MIKI",0.0351045727136432,0.0224152923538231,0.0343715642178911,0.0495788980509745,0.4
"NOBO",0.182460487265712,0.161931513536956,0.181781489739097,0.208532490001311,0.4
"NOFL",0.00912454099037438,0.00181159420289855,0.00913809399648002,0.0169676031549443,0.4
"NOMO",0.006724346856672,0,0.00601037274005138,0.0152643473413795,0.4
"NOPA",0.0362607886503398,0.0253956962275686,0.0356092890279426,0.0465757273348437,0.4
"OROR",0.0614325157933854,0.0426253716090673,0.0614306949089558,0.0782543199554069,0.4
"OSPR",0.000966183574879227,0,0.000966183574879227,0.00289855072463768,0.4
"PABU",0.178603687868189,0.157182118986538,0.179818875086138,0.197122670288188,0.4
"PIWA",0.0366416369978782,0.0235386548351135,0.0371466717013702,0.0522902956090193,0.4
"PIWO",0.0278467670011148,0.016431066518023,0.0271627647714604,0.0411428372352285,0.4
"PUMA",0.00392516116523678,0,0.00334448160535117,0.00942271339246764,0.4
"RBWO",0.122711296052085,0.0950085146947151,0.122854321167176,0.148038004757376,0.4
"REVI",0.00978260869565217,0.00334448160535117,0.0100334448160535,0.0183946488294314,0.4
"RHWO",0.0874388495551555,0.068660452034295,0.0874752492761423,0.10169263612341,0.4
"ROYT",0.00107023411371237,0,0.00111482720178372,0.00334448160535117,0.4
"RSHA",0.0275609681224048,0.0131770252694166,0.0282634546717722,0.0456026650832889,0.4
"RTHA",0.00335562987736901,0,0.00334448160535117,0.00727424749163879,0.4
"SCTA",0.0223345410628019,0.0141696859903382,0.0219806763285024,0.0342602657004831,0.4
"SUTA",0.146066785368779,0.118958400256933,0.145731924198652,0.180794545718114,0.4
"TUTI",0.0334917514774457,0.0201712848083816,0.0339695939871255,0.0453497440692392,0.4
"WBNU",0.027602814354512,0.0142215119815658,0.0264555316610172,0.0426824987770067,0.4
"WEVI",0.0974623500077918,0.0766185253113724,0.09799379053236,0.116197558168806,0.4
"WEWA",0.00148829431438127,0,0.00167224080267559,0.00501672240802676,0.4
"WHIB",0.00150070126227209,0,0.00140252454417952,0.00420757363253857,0.4
"WITU",0.00936083240431066,0.0041086027499071,0.009429580081754,0.015333519137867,0.4
"WODU",0.00119565217391304,0,0.00108695652173913,0.00326086956521739,0.4
"YBCH",0.0366085435788893,0.0200879563046531,0.0362987171572585,0.0510594140147121,0.4
"YBCU",0.0164810479375697,0.00819769602378298,0.0160117056856187,0.0250513285024155,0.4
"YTVI",0.0408735972036278,0.0217996596740649,0.0402939486221215,0.0657385079060247,0.4
"YTWA",0.0634532803490728,0.0504790790088827,0.0636111111111111,0.0752869721053452,0.4
"ACFL",0.0543241106719368,0.0330525362318841,0.0539361001317523,0.0743544137022398,0.5
"AMCR",0.00665794776408587,0.00127877237851662,0.00647136324885686,0.0126960542121987,0.5
"AMGO",0.00143478260869565,0,0.00144927536231884,0.0051086956521739,0.5
"AMKE",0.00879641131815045,0.0020703933747412,0.0084514519297128,0.0181923873228221,0.5
"AMRE",0.00192028985507246,0,0.00181159420289855,0.00543478260869565,0.5
"BACS",0.0157874396135266,0.00579710144927536,0.0164251207729469,0.0285748792270531,0.5
"BADO",0.00455882352941176,0,0.0043691389599318,0.00955083120204603,0.5
"BAEA",0.00149616368286445,0,0.00127877237851662,0.0051150895140665,0.5
"BBWD",0.00260869565217391,0,0.00271739130434783,0.00815217391304348,0.5
"BEKI",0.00573025199112156,0,0.00548575331184027,0.0123836210792733,0.5
"BGGN",0.0285379301466258,0.0168613613994049,0.0283887186061099,0.0412630896326548,0.5
"BHCO",0.00906521739130435,0.00358695652173913,0.00905797101449275,0.0159601449275362,0.5
"BHNU",0.0194740221588048,0.00872866072594334,0.0183405843731931,0.0323954894335329,0.5
"BLGR",0.213731402229484,0.180243077823001,0.214123057249656,0.249092898079471,0.5
"BLJA",0.00802167454597122,0.00127877237851662,0.00749825621948384,0.01809172285515,0.5
"BLVU",0.00390976258751195,0,0.00393061045234958,0.0080253300266088,0.5
"BRTH",0.0144098442052406,0.00618377785896967,0.0137930590296319,0.0264397606868834,0.5
"CACH",0.0665595851292782,0.0434475348110259,0.0659101590367575,0.0881222390141827,0.5
"CARW",0.0168581349892092,0.00925742398408639,0.0167483660130719,0.0280767148222391,0.5
"CHSW",0.00185770750988142,0,0.00197628458498024,0.00592885375494071,0.5
"COGR",0.00669082125603865,0,0.00603864734299517,0.0157004830917874,0.5
"COYE",0.0514042761373324,0.0368205253115739,0.0511187182382835,0.0690535931104985,0.5
"DOWO",0.0305105401844532,0.017912500968767,0.0307467255676974,0.0418204584205223,0.5
"EABL",0.0714656523269055,0.0527657347462335,0.0710170087088246,0.0934692584388876,0.5
"EAKI",0.0369564414698686,0.0258046186195163,0.035590975520643,0.0530838942955311,0.5
"EATO",0.0168863461772669,0.0057621635610766,0.0164693469360989,0.0296116431522442,0.5
"EAWP",0.10203007348116,0.0811999172732868,0.10134055215577,0.121576737133802,0.5
"GBHE",0.00609881422924901,0,0.00603590250329381,0.0126152832674572,0.5
"GCFL",0.155155961893494,0.129899786501449,0.154245322467829,0.187919639052951,0.5
"GREG",0.00111633372502938,0,0.00117508813160987,0.00352526439482961,0.5
"GRHE",0.00910123038639663,0.00328902271837054,0.00896004700352526,0.0148326795465542,0.5
"HOWA",0.000946859903381643,0,0.000966183574879227,0.00289855072463768,0.5
"HOWR",0.00171980676328502,0,0.00193236714975845,0.00386473429951691,0.5
"INBU",0.0617430550755359,0.0435747976237107,0.0608788775988264,0.0793258843882245,0.5
"KILL",0.00126598465473146,0,0.00127877237851662,0.00383631713554987,0.5
"LAGU",0.0529081526754161,0.0397157638094339,0.0518488363437213,0.0661993183828222,0.5
"LBHE",0.00369565217391304,0,0.0036231884057971,0.0072463768115942,0.5
"MIKI",0.0230808525917222,0.013341738477608,0.0220655438046742,0.0354913337250294,0.5
"NOBO",0.151738294917643,0.121510305817371,0.151400682650683,0.176335341892407,0.5
"NOFL",0.0094332298136646,0.00388198757763975,0.00918737060041408,0.0184135610766045,0.5
"NOMO",0.00544175773076029,0,0.00395256916996047,0.0164816321785631,0.5
"NOPA",0.0354001976284585,0.0255722990777339,0.0351778656126482,0.0457444005270092,0.5
"OROR",0.0525976720778511,0.0348874305220213,0.0534239950160666,0.0689824295482863,0.5
"OSPR",0.00126909518213866,0,0.00117508813160987,0.00352526439482961,0.5
"PABU",0.13495904341045,0.115561067140351,0.134211190317328,0.156070709990147,0.5
"PIWA",0.0169180602006689,0.00796607378129117,0.0165311138137225,0.0267859405087666,0.5
"PIWO",0.0261430966673933,0.0163102354518595,0.0249283072173098,0.0370477937853258,0.5
"PUMA",0.00262148337595908,0,0.00255754475703325,0.00639386189258312,0.5
"RBWO",0.112681218553341,0.0907191085260139,0.113136295265451,0.133045224587744,0.5
"REVI",0.010395256916996,0.00395256916996047,0.00988142292490119,0.0158102766798419,0.5
"RHWO",0.0706604018298392,0.0525057526400237,0.0709494031424978,0.0899820928928985,0.5
"RSHA",0.0250730248012857,0.0118339284100154,0.0238112357677575,0.041424797538928,0.5
"RTHA",0.00250639386189258,0,0.00255754475703325,0.00578644501278771,0.5
"SCTA",0.00896497584541063,0.0036231884057971,0.00833333333333333,0.015643115942029,0.5
"SUTA",0.108328980315553,0.0886899186483585,0.108040398385667,0.125737711148517,0.5
"TUTI",0.0289153661826296,0.0188713468556819,0.0281375293523631,0.0415949836857765,0.5
"WBNU",0.0249225245983558,0.0136211040462959,0.0243469496986121,0.0372264338241001,0.5
"WEVI",0.0661910408432148,0.0390670289855072,0.0656949934123847,0.0926737483530962,0.5
"WEWA",0.00231225296442688,0,0.00197628458498024,0.00790513833992095,0.5
"WHIB",0.00159420289855072,0,0.00144927536231884,0.00434782608695652,0.5
"WITU",0.00627877237851662,0.00255754475703325,0.00639386189258312,0.0128516624040921,0.5
"WODU",0.00137022397891963,0,0.00131752305665349,0.00395256916996047,0.5
"YBCH",0.0175538833147529,0.0072463768115942,0.0166295057599405,0.0280170011148272,0.5
"YBCU",0.0149631743953995,0.00773808038673768,0.0144577967787686,0.0231844569472447,0.5
"YTVI",0.0321913133754566,0.0133568301902701,0.0312146612977815,0.0517608297499602,0.5
"YTWA",0.062015485608836,0.0489735586842364,0.0623260146917436,0.0739678769969691,0.5
"ACFL",0.0611987677658755,0.0399371630609816,0.0609815865014353,0.0835993838829378,0.6
"AMCR",0.00256916996047431,0,0.00263504611330698,0.00658761528326746,0.6
"AMGO",0.00156199677938808,0,0.00161030595813205,0.00483091787439614,0.6
"AMKE",0.00935309617918314,0.00155138339920949,0.00849802371541502,0.0200115283267457,0.6
"BACS",0.0165612648221344,0.00581906016688625,0.0164690382081686,0.0305445761967501,0.6
"BADO",0.00506072062782838,0,0.00518416680987569,0.0113278341066621,0.6
"BBWD",0.0041304347826087,0,0.00434782608695652,0.0130434782608696,0.6
"BEKI",0.00333333333333333,0,0.0036231884057971,0.0108695652173913,0.6
"BGGN",0.0197187474711104,0.00915213208691469,0.0194139386483432,0.0286794979682503,0.6
"BHCO",0.0102023384443044,0.00483091787439614,0.00994188895890219,0.0200448085136176,0.6
"BHNU",0.0217760032427552,0.0111897150164414,0.0211739241151006,0.0358622502580303,0.6
"BLGR",0.188520820759133,0.161493524039538,0.190605604435824,0.21656330762956,0.6
"BLJA",0.00926918642951252,0.000988142292490119,0.00886857707509882,0.0196045372200263,0.6
"BLVU",0.000988142292490119,0,0.000988142292490119,0.00296442687747036,0.6
"BRTH",0.00189035916824197,0,0.00189035916824197,0.0056710775047259,0.6
"CACH",0.058271944339649,0.0359540851177255,0.0585876483075767,0.0794645865857685,0.6
"CARW",0.010464856504554,0.00395256916996047,0.0107406770922839,0.0171818611445265,0.6
"CHSW",0.0028695652173913,0,0.00289855072463768,0.00869565217391304,0.6
"COGR",0.00125319693094629,0,0.00127877237851662,0.00383631713554987,0.6
"COYE",0.0402747939755612,0.0287404092071611,0.0402529127593066,0.0512269110542768,0.6
"DOWO",0.0220763538822376,0.0107829784534061,0.0216699922985367,0.0356042804382832,0.6
"EABL",0.0607731834764062,0.0447597806854861,0.0598886767035824,0.0784656777913128,0.6
"EAKI",0.0306746309729471,0.0175413572597932,0.0309851292499163,0.0444757602703485,0.6
"EATO",0.0143225003659786,0.00719056507099985,0.013859610598741,0.0251502342263212,0.6
"EAWP",0.0913085065630525,0.071024480881314,0.0908563370778134,0.113280886906368,0.6
"GBHE",0.00772904483430799,0.000764895330112722,0.0068649885583524,0.0171709466903975,0.6
"GCFL",0.136769378435077,0.104552707915107,0.135233272429509,0.168265009678877,0.6
"GRHE",0.010507561436673,0.0035015949905482,0.0102205981636511,0.0178115295031056,0.6
"HOWR",0.00175889328063241,0,0.00197628458498024,0.00494071146245059,0.6
"INBU",0.0517833283389633,0.0337955437011501,0.0515233963532018,0.0715919722863373,0.6
"KILL",0.00139945652173913,0,0.00135869565217391,0.00478940217391303,0.6
"LAGU",0.0506946550468222,0.0352904594133015,0.0505273924244344,0.0713866411266801,0.6
"LBHE",0.00172022684310019,0,0.00189035916824197,0.00666351606805291,0.6
"MIKI",0.016528326745718,0.00853096179183136,0.0164690382081686,0.0243741765480896,0.6
"NOBO",0.139355633425966,0.110118636429239,0.139148001571553,0.170277360061637,0.6
"NOFL",0.00631225296442688,0,0.00632411067193676,0.0137895256916996,0.6
"NOMO",0.00638315217391304,0,0.00570652173913043,0.0172622282608696,0.6
"NOPA",0.0269413988657845,0.0156679269061122,0.0257718966603655,0.0425551354757404,0.6
"OROR",0.0376864478808904,0.0256059205517922,0.036343701140023,0.0553648184652315,0.6
"OSPR",0.00126708074534161,0,0.00124223602484472,0.00496894409937888,0.6
"PABU",0.120047963309767,0.0954314617710179,0.120100878295538,0.147587998728462,0.6
"PIWA",0.00696159770356368,0,0.00617867394805013,0.0161380662325842,0.6
"PIWO",0.0206052233840514,0.00913243970899925,0.019989777078624,0.0301106895624854,0.6
"PUMA",0.0013179347826087,0,0.00135869565217391,0.00407608695652174,0.6
"RBWO",0.0804257368174889,0.0643260118898115,0.0804452172375762,0.0978751117386576,0.6
"REVI",0.00831884057971015,0,0.00869565217391304,0.0173913043478261,0.6
"RHWO",0.0653008632620762,0.0464259577654545,0.0657946751578604,0.0849945090110879,0.6
"RSHA",0.0260304522691847,0.0114395296111046,0.0255121607076636,0.045056865290051,0.6
"SCTA",0.00386492524488744,0,0.0038666437532222,0.00816184052242653,0.6
"SUTA",0.0895291044124728,0.0712711045833299,0.0902803680884001,0.107774054448617,0.6
"TUTI",0.0173220408424803,0.00900488706490597,0.0170985498608372,0.0256076764397298,0.6
"WBNU",0.0252838624828228,0.0106693238826391,0.0248587010815272,0.0438566647593113,0.6
"WEVI",0.0410804305449614,0.0199091024663107,0.0413085854733452,0.0669857615052123,0.6
"WEWA",0.00289855072463768,0,0.00289855072463768,0.00869565217391304,0.6
"WHIB",0.00148148148148148,0,0.00161030595813205,0.00483091787439614,0.6
"WITU",0.00610013175230567,0.00263504611330698,0.00527009222661397,0.0125494071146245,0.6
"WODU",0.00149068322981366,0,0.0015527950310559,0.00547360248447204,0.6
"YBCH",0.0171781756180733,0.00700127877237852,0.0174765558397272,0.0267742966751918,0.6
"YBCU",0.0127603049124788,0.00471485036702428,0.0126388104648974,0.0224748258987389,0.6
"YTVI",0.0345124341238472,0.0175489953886693,0.033592720685112,0.0597912549407115,0.6
"YTWA",0.0641862412949369,0.0503075004705439,0.0650338791643139,0.0753547901373988,0.6
"ACFL",0.0578270155540079,0.0314534416144331,0.0567269425927768,0.083117952608364,0.7
"AMCR",0.00131837307152875,0,0.00140252454417952,0.00561009817671809,0.7
"AMGO",0.0020226843100189,0,0.00189035916824197,0.0056710775047259,0.7
"AMKE",0.00902085218100864,0.0022883295194508,0.0081998474446987,0.0177648209249109,0.7
"BACS",0.0162158746208291,0.00543478260869565,0.0156092012133468,0.0315185793731041,0.7
"BEKI",0.00351449275362319,0,0.0036231884057971,0.0108695652173913,0.7
"BGGN",0.0113570326219999,0.00255967819932299,0.0111800189404408,0.0211972750342761,0.7
"BHCO",0.012065647018388,0.00467863894139887,0.0114280804261901,0.0210109125279258,0.7
"BHNU",0.0257613537728743,0.00548930080414338,0.025330636117348,0.0485892819140669,0.7
"BLGR",0.16753892737683,0.137695462897905,0.165681083178286,0.198240091377741,0.7
"BLJA",0.0053804347826087,0,0.00543478260869565,0.016304347826087,0.7
"BLVU",0.000930232558139535,0,0.00101112234580384,0.00202224469160768,0.7
"BRTH",0.0016600790513834,0,0.00197628458498024,0.00592885375494071,0.7
"CACH",0.0514443789403701,0.0339591160170086,0.0489770259296086,0.0705338264900497,0.7
"CARW",0.0109382151029748,0.00404448938321537,0.0103773082858815,0.0191381512426161,0.7
"CHSW",0.00246376811594203,0,0.00289855072463768,0.00869565217391304,0.7
"COGR",0.00131752305665349,0,0.00131752305665349,0.00395256916996047,0.7
"COYE",0.0399857268335529,0.0276021080368906,0.0398276240667545,0.0572655906895037,0.7
"DOWO",0.0137429676829985,0.00401486509709572,0.0128028870940024,0.0268936096363093,0.7
"EABL",0.0470890831023962,0.0288271266551676,0.0488439197226469,0.0632015123286796,0.7
"EAKI",0.0247904230882471,0.0122442970202145,0.0239225934865587,0.041210973022549,0.7
"EATO",0.00568696422439109,0,0.00558121323187229,0.0132617200663712,0.7
"EAWP",0.0702074233331171,0.0510801659225271,0.0718137104841828,0.0903702591252924,0.7
"GBHE",0.0184080210534119,0,0.018607064754068,0.0395409392490455,0.7
"GCFL",0.131835731389049,0.100447033426387,0.133469827615005,0.168247879828884,0.7
"GRHE",0.0133307030695179,0.00528880296693758,0.013076168682576,0.0223526394697388,0.7
"HOWR",0.00115267947421638,0,0.00101112234580384,0.00303336703741153,0.7
"INBU",0.0305263653111333,0.0183099007561437,0.0289122713487977,0.0479741010705827,0.7
"KILL",0.00209109730848861,0,0.0020703933747412,0.0062111801242236,0.7
"LAGU",0.0520451932199445,0.0353568573051092,0.0522839332809842,0.067011247522432,0.7
"MIKI",0.0122133670007102,0.00378757989426339,0.0113627396827902,0.0211887477313975,0.7
"NOBO",0.124378823883973,0.0949179052153881,0.126671759251851,0.155129936859056,0.7
"NOFL",0.00439359267734554,0,0.0045766590389016,0.0103546910755149,0.7
"NOMO",0.00748102139406487,0,0.00690131124913734,0.0186680469289165,0.7
"NOPA",0.0161342486651411,0.00598398169336384,0.0161708619374523,0.0262547673531655,0.7
"OROR",0.0291193233412913,0.0150321455813447,0.0284563516828963,0.0443154576163729,0.7
"OSPR",0.00122938530734633,0,0.00149925037481259,0.00299850074962519,0.7
"PABU",0.0849751328688338,0.068127174191857,0.0855768740291047,0.105276639066511,0.7
"PIWA",0.00593572778827977,0,0.00551354757403907,0.0165524574669187,0.7
"PIWO",0.0151914257410575,0.0067833934938689,0.0147994570395,0.0254448751854972,0.7
"PUMA",0.00204968944099379,0,0.0020703933747412,0.0062111801242236,0.7
"RBWO",0.0659776816694464,0.0472696350254414,0.0661880022542964,0.0834267230184191,0.7
"REVI",0.00307246376811594,0,0.00289855072463768,0.00869565217391304,0.7
"RHWO",0.0565670134331856,0.0426988083985243,0.0563190787486534,0.0705868091639022,0.7
"RSHA",0.0231453187879744,0.00993450643099503,0.0223802572398012,0.0402245423340961,0.7
"SUTA",0.0812115291556156,0.0630277905552867,0.0812202952651241,0.0995873041176363,0.7
"TUTI",0.0125294682915428,0.00573218825369924,0.012633761576224,0.0203469445819447,0.7
"WBNU",0.00851684316960247,0.00303336703741153,0.00848810600819541,0.0150923314352615,0.7
"WEVI",0.0248097826086957,0.00543478260869565,0.0244565217391304,0.0476222826086956,0.7
"WHIB",0.00155009451795841,0,0.00189035916824197,0.0056710775047259,0.7
"WITU",0.00541374474053296,0.00140252454417952,0.00561009817671809,0.00981767180925666,0.7
"WODU",0.00167471819645733,0,0.00161030595813205,0.00483091787439614,0.7
"YBCH",0.0115579710144928,0.00395256916996047,0.0111989459815547,0.020314558629776,0.7
"YBCU",0.0145193059884161,0.00545809240915926,0.0144544007066234,0.0241373799221919,0.7
"YTVI",0.0319283174626609,0.0124395622647081,0.0336821190423464,0.0499574782854753,0.7
"YTWA",0.0685955767635895,0.0529270311081019,0.0687595270465126,0.0832925830991314,0.7
"ACFL",0.0627743271221532,0.0323757763975155,0.0640786749482402,0.0869565217391304,0.8
"AMGO",0.00219679633867277,0,0.0022883295194508,0.0068649885583524,0.8
"AMKE",0.00986714975845411,0,0.0102657004830918,0.021256038647343,0.8
"BACS",0.018,0,0.0173913043478261,0.0347826086956522,0.8
"BEKI",0.00467391304347826,0,0.00543478260869565,0.016304347826087,0.8
"BGGN",0.00330205949656751,0,0.0022883295194508,0.0096095537757437,0.8
"BHCO",0.0138799898296466,0.0068649885583524,0.0138571065344521,0.0253654970760234,0.8
"BHNU",0.0274903073395359,0.00650525647019336,0.0258159130880028,0.0513260942345794,0.8
"BLGR",0.137891036772173,0.110414670124172,0.138710067009506,0.162563605515569,0.8
"BLJA",0.008,0,0.00869565217391304,0.0219565217391304,0.8
"BRTH",0.00227053140096618,0,0.00241545893719807,0.0072463768115942,0.8
"CACH",0.0464175628592105,0.0252823041438602,0.0468946893432019,0.0678558156819026,0.8
"CARW",0.0110652173913043,0.00377717391304348,0.0107142857142857,0.0190993788819876,0.8
"CHSW",0.00732919254658385,0,0.0062111801242236,0.0186335403726708,0.8
"COGR",0.00124824684431978,0,0.00140252454417952,0.00420757363253857,0.8
"COYE",0.0375035063113605,0.0231065918653576,0.0367461430575035,0.0511991584852735,0.8
"DOWO",0.00235697940503433,0,0.0022883295194508,0.0068649885583524,0.8
"EABL",0.0445707579626233,0.0276318355946687,0.0446684373753097,0.0629342080702529,0.8
"EAKI",0.0271704623878537,0.0144755003450656,0.0265700483091787,0.044927536231884,0.8
"EATO",0.00242562929061785,0,0.0022883295194508,0.0068649885583524,0.8
"EAWP",0.0776377646430241,0.055240084930653,0.0779146908880429,0.0986851332398317,0.8
"GBHE",0.0168115942028985,0,0.0144927536231884,0.0434782608695652,0.8
"GCFL",0.0901997636231046,0.0568759098135528,0.0921434019832189,0.124046173125121,0.8
"GRHE",0.0114389233954451,0,0.0093167701863354,0.0247153209109731,0.8
"INBU",0.0222320014082028,0.0102402745995423,0.0216951240978701,0.0381424925189227,0.8
"KILL",0.00497584541062802,0,0.00483091787439614,0.0144927536231884,0.8
"LAGU",0.0521853357365796,0.0342857967102818,0.0495297730246427,0.0758007042005344,0.8
"MIKI",0.0136801242236025,0.0046583850931677,0.0139751552795031,0.0248447204968944,0.8
"NOBO",0.10600926111445,0.0749986197377502,0.104948240165631,0.141394287495269,0.8
"NOFL",0.00268115942028985,0,0.00241545893719807,0.00851449275362317,0.8
"NOMO",0.00484472049689441,0,0.0062111801242236,0.0124223602484472,0.8
"NOPA",0.0123291925465839,0.0031055900621118,0.0124223602484472,0.0248447204968944,0.8
"OROR",0.0262207974353837,0.00915898617511521,0.0258198089895145,0.0457312050579933,0.8
"PABU",0.0731824565594588,0.0494931412980612,0.0720056831040813,0.0988759524228632,0.8
"PIWA",0.005,0,0.00543478260869565,0.016304347826087,0.8
"PIWO",0.00983933216541912,0.00199534161490683,0.00983304135478049,0.0175656951743908,0.8
"RBWO",0.0442618251313903,0.0318036311514572,0.0430721452460583,0.0581109651218347,0.8
"RHWO",0.0479058750194795,0.0328293706449387,0.0470780738662927,0.0651901756495024,0.8
"RSHA",0.0289225991399904,0.0127747252747253,0.0277950310559006,0.0513993072145246,0.8
"SUTA",0.0770100148643627,0.0584964921902159,0.0761301710600448,0.0928772656165714,0.8
"TUTI",0.00531244499207886,0,0.00501672240802676,0.0115890688259109,0.8
"WBNU",0.00564130434782609,0.00108695652173913,0.00543478260869565,0.00978260869565217,0.8
"WEVI",0.0302898550724638,0.0144927536231884,0.0289855072463768,0.0434782608695652,0.8
"WITU",0.00516722408026756,0.00167224080267559,0.00501672240802676,0.0100334448160535,0.8
"WODU",0.00189565217391304,0,0.00173913043478261,0.00695652173913044,0.8
"YBCH",0.00709677419354839,0.00280504908835905,0.00701262272089762,0.0126227208976157,0.8
"YBCU",0.0185286669851887,0.00501672240802676,0.0187649307214525,0.032542403248925,0.8
"YTVI",0.0282232972341668,0.0100500345065562,0.0276689494080798,0.0476066053511705,0.8
"YTWA",0.0697955566172958,0.0564478021978022,0.0697252747252747,0.0842705446727186,0.8
"ACFL",0.0841632231404959,0.0568181818181818,0.0836776859504132,0.0991735537190083,0.9
"AMGO",0.00413223140495868,0,0.00413223140495868,0.0104338842975206,0.9
"AMKE",0.00805785123966942,0,0.00826446280991736,0.018698347107438,0.9
"BACS",0.0301515151515152,0,0.0303030303030303,0.0454545454545455,0.9
"BGGN",0.00606656243019879,0,0.00536073263345991,0.0177574268483359,0.9
"BHCO",0.0159563164108619,0.00413223140495868,0.0156434474616293,0.0285050177095632,0.9
"BHNU",0.00413223140495868,0,0.00413223140495868,0.012396694214876,0.9
"BLGR",0.121177653154926,0.0835271136691591,0.119752722025449,0.165369974091565,0.9
"BLJA",0.0154545454545455,0,0.0151515151515152,0.0454545454545455,0.9
"BRTH",0.00396103896103896,0,0.00324675324675325,0.012987012987013,0.9
"CACH",0.0478437950937951,0.0298209366391185,0.0470352879443789,0.0698377443263807,0.9
"CARW",0.00718673218673219,0.00304054054054054,0.00737100737100737,0.0122850122850123,0.9
"COGR",0.00162337662337662,0,0.00162337662337662,0.00649350649350649,0.9
"COYE",0.0302597402597403,0.0227272727272727,0.0308441558441558,0.038961038961039,0.9
"EABL",0.0462392430801522,0.0257463023088023,0.0455767086448905,0.0685393299881936,0.9
"EAKI",0.0355151515151515,0.00909090909090909,0.0356060606060606,0.0667045454545454,0.9
"EAWP",0.0741197691197691,0.0513979076479076,0.0718795093795094,0.0999864718614718,0.9
"GCFL",0.0564915494006403,0.0279199705904251,0.0545687216141762,0.0858918732782369,0.9
"GRHE",0.0188842975206612,0,0.0192837465564738,0.0407369146005509,0.9
"INBU",0.00388429752066116,0,0.00413223140495868,0.00826446280991736,0.9
"LAGU",0.0266866883116883,0.011795183982684,0.0266504329004329,0.041758658008658,0.9
"MIKI",0.0149134199134199,0.00216450216450216,0.0144300144300144,0.0303391053391053,0.9
"NOBO",0.0703480421094057,0.0534297520661157,0.0710571625344353,0.0883196822117276,0.9
"NOFL",0.00392561983471074,0,0.00413223140495868,0.012396694214876,0.9
"NOMO",0.00981818181818182,0,0.00909090909090909,0.0272727272727273,0.9
"OROR",0.016905303030303,0.00279356060606061,0.0159090909090909,0.0348484848484848,0.9
"PABU",0.0419077134986226,0.012396694214876,0.0401744719926538,0.0753443526170799,0.9
"PIWO",0.00836038961038961,0.00189393939393939,0.00811688311688312,0.0182697510822511,0.9
"RBWO",0.0347424242424242,0.0217708333333333,0.0358987603305785,0.0486656336088154,0.9
"RHWO",0.0425354191263282,0.0242811639118457,0.0430317788272334,0.0597193526170799,0.9
"RSHA",0.0448852157943067,0.00826446280991736,0.0477502295684114,0.069639577594123,0.9
"SUTA",0.0890342925570198,0.0627815935770481,0.087905467450922,0.120738124488124,0.9
"TUTI",0.00566666666666667,0,0.00606060606060606,0.0121212121212121,0.9
"WITU",0.00409090909090909,0,0.00454545454545455,0.0113636363636364,0.9
"YBCH",0.00871753246753247,0.000771103896103896,0.00892857142857143,0.0170860389610389,0.9
"YBCU",0.0243181818181818,0.00566287878787879,0.0234848484848485,0.0470075757575757,0.9
"YTVI",0.0114276859504132,0.00227272727272727,0.0109504132231405,0.0226601239669421,0.9
"YTWA",0.0734718614718615,0.0564366883116883,0.0731060606060606,0.092107683982684,0.9
"NOMO",0.0897727272727273,0.0454545454545454,0.0909090909090909,0.129166666666667,1
"OROR",0.0512121212121212,0.01875,0.053030303030303,0.0948863636363636,1
"COYE",0.315833333333333,0.265151515151515,0.318181818181818,0.371212121212121,1
"PIWA",0.0933333333333333,0.0454545454545455,0.0909090909090909,0.143939393939394,1
"EAKI",0.036969696969697,0.0151515151515152,0.0378787878787879,0.0645833333333333,1
"CHSP",0.00878787878787879,0,0.00757575757575758,0.0227272727272727,1
"BLGR",0.0557575757575758,0.01875,0.053030303030303,0.0909090909090909,1
"RBWO",0.134318181818182,0.071780303030303,0.136363636363636,0.181818181818182,1
"TUTI",0.202954545454545,0.136363636363636,0.204545454545455,0.257575757575758,1
"EATO",0.0812121212121212,0.0454545454545454,0.0833333333333333,0.113636363636364,1
"NOCA",0.113257575757576,0.0642045454545454,0.113636363636364,0.151515151515152,1
"YBCU",0.0225,0.00757575757575758,0.0227272727272727,0.0378787878787879,1
"BGGN",0.411212121212121,0.348484848484849,0.412878787878788,0.496780303030303,1
"CARW",0.160681818181818,0.106060606060606,0.159090909090909,0.212121212121212,1
"YTVI",0,0,0,0,1
"CACH",0.0738636363636364,0.0414772727272727,0.0757575757575758,0.113636363636364,1
"GCFL",0.0379545454545455,0.0111742424242424,0.0378787878787879,0.0681818181818182,1
"WOTH",0,0,0,0,1
"DOWO",0.0677272727272727,0.0303030303030303,0.0681818181818182,0.106060606060606,1
"BACS",0.0143939393939394,0,0.0151515151515152,0.034280303030303,1
"WBNU",0.0148484848484848,0,0.0151515151515152,0.0303030303030303,1
"SUTA",0.0160606060606061,0,0.0151515151515152,0.0303030303030303,1
"YBCH",0.0803030303030303,0.0378787878787879,0.0833333333333333,0.125189393939394,1
"NOPA",0.101363636363636,0.0642045454545455,0.0984848484848485,0.132765151515151,1
"WEVI",0.106893939393939,0.0642045454545455,0.106060606060606,0.147916666666667,1
"EAWP",0.0456818181818182,0.0151515151515152,0.0454545454545454,0.0757575757575758,1
"YTWA",0.00833333333333333,0,0.00757575757575758,0.0227272727272727,1
"REVI",0.00924242424242424,0,0.00757575757575758,0.0227272727272727,1
"EABL",0.00643939393939394,0,0.00757575757575758,0.0227272727272727,1
"RHWO",0.0253787878787879,0.00757575757575758,0.0227272727272727,0.053030303030303,1
"AMRO",0.00636363636363636,0,0.00757575757575758,0.0227272727272727,1
"RSHA",0,0,0,0,1
"BHCO",0.0696969696969697,0.0414772727272727,0.0681818181818182,0.0984848484848485,1
"INBU",0,0,0,0,1
"BHNU",0.0288636363636364,0.00757575757575758,0.0303030303030303,0.053030303030303,1
"BRTH",0.00681818181818182,0,0.00757575757575758,0.0151515151515152,1
"MIKI",0.00772727272727273,0,0.00757575757575758,0.0227272727272727,1
"MODO",0.0137121212121212,0,0.0151515151515152,0.0303030303030303,1
"RWBL",0,0,0,0,1
"COGR",0,0,0,0,1
"PABU",0.00696969696969697,0,0.00757575757575758,0.0227272727272727,1
"RTHA",0,0,0,0,1
"PIWO",0,0,0,0,1
"LBHE",0.0146212121212121,0,0.0151515151515152,0.034280303030303,1
"BLJA",0,0,0,0,1
"AMCR",0,0,0,0,1
"ACFL",0,0,0,0,1
"OVEN",0,0,0,0,1
"WODU",0,0,0,0,1
"GREG",0.00613636363636364,0,0.00757575757575758,0.0151515151515152,1
"GRHE",0.0129545454545455,0,0.0151515151515152,0.0303030303030303,1
"EWPE",0.00795454545454545,0,0.00757575757575758,0.0227272727272727,1
"KILL",0,0,0,0,1
